,idx,scene_id,episode_id,recep_position,waypoint_data_index,waypoint_recep_index,viewpoint_idx
0,0,103997460_171030507,24009,[-2.86932  0.74131 -4.01888],0,0,0
1,1,103997460_171030507,24009,[-2.86932  0.74131 -4.01888],0,0,1
2,2,103997460_171030507,24009,[-2.86932  0.74131 -4.01888],0,0,2
3,3,103997460_171030507,24009,[-2.86932  0.74131 -4.01888],0,0,3
4,4,103997460_171030507,24009,[-2.86932  0.74131 -4.01888],0,0,4
5,5,103997460_171030507,24009,[-2.86932  0.74131 -4.01888],0,0,5
6,6,103997460_171030507,24009,[-2.86932  0.74131 -4.01888],0,0,6
7,7,103997460_171030507,24009,[-2.86932  0.74131 -4.01888],0,0,7
8,8,103997460_171030507,24009,[-2.86932  0.74131 -4.01888],0,0,8
9,9,103997460_171030507,24009,[-2.86932  0.74131 -4.01888],0,0,9
10,10,103997460_171030507,24009,[-2.86932  0.74131 -4.01888],0,0,10
11,11,103997460_171030507,24009,[-2.86932  0.74131 -4.01888],0,0,11
12,12,103997460_171030507,24009,[-2.86932  0.74131 -4.01888],0,0,12
13,13,103997460_171030507,24009,[-2.86932  0.74131 -4.01888],0,0,13
14,14,103997460_171030507,24009,[-2.86932  0.74131 -4.01888],0,0,14
15,15,103997460_171030507,24009,[-2.86932  0.74131 -4.01888],0,0,15
16,16,103997460_171030507,24009,[-2.86932  0.74131 -4.01888],0,0,16
17,17,103997460_171030507,24009,[-2.86932  0.74131 -4.01888],0,0,17
18,18,103997460_171030507,24009,[-2.86932  0.74131 -4.01888],0,0,18
19,19,103997460_171030507,24009,[-2.86932  0.74131 -4.01888],0,0,19
20,20,103997460_171030507,24009,[-2.86932  0.74131 -4.01888],0,0,20
21,21,103997460_171030507,24009,[-2.86932  0.74131 -4.01888],0,0,21
22,22,103997460_171030507,24009,[-2.86932  0.74131 -4.01888],0,0,22
23,23,103997460_171030507,24009,[-2.86932  0.74131 -4.01888],0,0,23
24,24,103997460_171030507,24009,[-2.86932  0.74131 -4.01888],0,0,24
25,25,103997460_171030507,24009,[-2.86932  0.74131 -4.01888],0,0,25
26,26,103997460_171030507,24009,[-3.0712   0.74397 -4.01715],0,1,0
27,27,103997460_171030507,24009,[-3.0712   0.74397 -4.01715],0,1,1
28,28,103997460_171030507,24009,[-3.0712   0.74397 -4.01715],0,1,2
29,29,103997460_171030507,24009,[-3.0712   0.74397 -4.01715],0,1,3
30,30,103997460_171030507,24009,[-3.0712   0.74397 -4.01715],0,1,4
31,31,103997460_171030507,24009,[-3.0712   0.74397 -4.01715],0,1,5
32,32,103997460_171030507,24009,[-3.0712   0.74397 -4.01715],0,1,6
33,33,103997460_171030507,24009,[-3.0712   0.74397 -4.01715],0,1,7
34,34,103997460_171030507,24009,[-3.0712   0.74397 -4.01715],0,1,8
35,35,103997460_171030507,24009,[-3.0712   0.74397 -4.01715],0,1,9
36,36,103997460_171030507,24009,[-3.0712   0.74397 -4.01715],0,1,10
37,37,103997460_171030507,24009,[-3.0712   0.74397 -4.01715],0,1,11
38,38,103997460_171030507,24009,[-3.0712   0.74397 -4.01715],0,1,12
39,39,103997460_171030507,24009,[-3.0712   0.74397 -4.01715],0,1,13
40,40,103997460_171030507,24009,[-3.0712   0.74397 -4.01715],0,1,14
41,41,103997460_171030507,24009,[-3.0712   0.74397 -4.01715],0,1,15
42,42,103997460_171030507,24009,[-3.0712   0.74397 -4.01715],0,1,16
43,43,103997460_171030507,24009,[-3.0712   0.74397 -4.01715],0,1,17
44,44,103997460_171030507,24009,[-3.0712   0.74397 -4.01715],0,1,18
45,45,103997460_171030507,24009,[-3.0712   0.74397 -4.01715],0,1,19
46,46,103997460_171030507,24009,[-3.0712   0.74397 -4.01715],0,1,20
47,47,103997460_171030507,24009,[-3.0712   0.74397 -4.01715],0,1,21
48,48,103997460_171030507,24009,[-3.0712   0.74397 -4.01715],0,1,22
49,49,103997460_171030507,24009,[-3.0712   0.74397 -4.01715],0,1,23
50,50,103997460_171030507,24009,[-3.0712   0.74397 -4.01715],0,1,24
51,51,103997460_171030507,24009,[-3.0712   0.74397 -4.01715],0,1,25
52,52,103997460_171030507,24009,[-3.0712   0.74397 -4.01715],0,1,26
53,53,103997460_171030507,24009,[-3.0712   0.74397 -4.01715],0,1,27
54,54,103997460_171030507,24009,[-2.14197  0.74131 -4.01888],0,2,0
55,55,103997460_171030507,24009,[-2.14197  0.74131 -4.01888],0,2,1
56,56,103997460_171030507,24009,[-2.14197  0.74131 -4.01888],0,2,2
57,57,103997460_171030507,24009,[-2.14197  0.74131 -4.01888],0,2,3
58,58,103997460_171030507,24009,[-2.14197  0.74131 -4.01888],0,2,4
59,59,103997460_171030507,24009,[-2.14197  0.74131 -4.01888],0,2,5
60,60,103997460_171030507,24009,[-2.14197  0.74131 -4.01888],0,2,6
61,61,103997460_171030507,24009,[-2.14197  0.74131 -4.01888],0,2,7
62,62,103997460_171030507,24009,[-2.14197  0.74131 -4.01888],0,2,8
63,63,103997460_171030507,24009,[-2.14197  0.74131 -4.01888],0,2,9
64,64,103997460_171030507,24009,[-2.14197  0.74131 -4.01888],0,2,10
65,65,103997460_171030507,24009,[-2.14197  0.74131 -4.01888],0,2,11
66,66,103997460_171030507,24009,[-2.14197  0.74131 -4.01888],0,2,12
67,67,103997460_171030507,24009,[-2.14197  0.74131 -4.01888],0,2,13
68,68,103997460_171030507,24009,[-2.34385  0.74397 -4.01715],0,3,0
69,69,103997460_171030507,24009,[-2.34385  0.74397 -4.01715],0,3,1
70,70,103997460_171030507,24009,[-2.34385  0.74397 -4.01715],0,3,2
71,71,103997460_171030507,24009,[-2.34385  0.74397 -4.01715],0,3,3
72,72,103997460_171030507,24009,[-2.34385  0.74397 -4.01715],0,3,4
73,73,103997460_171030507,24009,[-2.34385  0.74397 -4.01715],0,3,5
74,74,103997460_171030507,24009,[-2.34385  0.74397 -4.01715],0,3,6
75,75,103997460_171030507,24009,[-2.34385  0.74397 -4.01715],0,3,7
76,76,103997460_171030507,24009,[-2.34385  0.74397 -4.01715],0,3,8
77,77,103997460_171030507,24009,[-2.34385  0.74397 -4.01715],0,3,9
78,78,103997460_171030507,24009,[-2.34385  0.74397 -4.01715],0,3,10
79,79,103997460_171030507,24009,[-2.34385  0.74397 -4.01715],0,3,11
80,80,103997460_171030507,24009,[-2.34385  0.74397 -4.01715],0,3,12
81,81,103997460_171030507,24009,[-2.34385  0.74397 -4.01715],0,3,13
82,82,103997460_171030507,24009,[-2.34385  0.74397 -4.01715],0,3,14
83,83,103997460_171030507,24009,[-2.34385  0.74397 -4.01715],0,3,15
84,84,103997460_171030507,24009,[-2.34385  0.74397 -4.01715],0,3,16
85,85,103997460_171030507,24009,[-2.34385  0.74397 -4.01715],0,3,17
86,86,103997460_171030507,24009,[-8.69734  0.4617  -0.78155],0,4,0
87,87,103997460_171030507,24009,[-8.69734  0.4617  -0.78155],0,4,1
88,88,103997460_171030507,24009,[-8.69734  0.4617  -0.78155],0,4,2
89,89,103997460_171030507,24009,[-8.69734  0.4617  -0.78155],0,4,3
90,90,103997460_171030507,24009,[-8.69734  0.4617  -0.78155],0,4,4
91,91,103997460_171030507,24009,[-8.69734  0.4617  -0.78155],0,4,5
92,92,103997460_171030507,24009,[-8.69734  0.4617  -0.78155],0,4,6
93,93,103997460_171030507,24009,[-8.69734  0.4617  -0.78155],0,4,7
94,94,103997460_171030507,24009,[-8.69734  0.4617  -0.78155],0,4,8
95,95,103997460_171030507,24009,[-8.69734  0.4617  -0.78155],0,4,9
96,96,103997460_171030507,24009,[-8.69734  0.4617  -0.78155],0,4,10
97,97,103997460_171030507,24009,[-8.69734  0.4617  -0.78155],0,4,11
98,98,103997460_171030507,24009,[-8.69734  0.4617  -0.78155],0,4,12
99,99,103997460_171030507,24009,[-8.69734  0.4617  -0.78155],0,4,13
100,100,103997460_171030507,24009,[-8.69734  0.4617  -0.78155],0,4,14
101,101,103997460_171030507,24009,[-8.69734  0.4617  -0.78155],0,4,15
102,102,103997460_171030507,24009,[-8.69734  0.4617  -0.78155],0,4,16
103,103,103997460_171030507,24009,[-8.69734  0.4617  -0.78155],0,4,17
104,104,103997460_171030507,24009,[-8.69734  0.4617  -0.78155],0,4,18
105,105,103997460_171030507,24009,[-8.69734  0.4617  -0.78155],0,4,19
106,106,103997460_171030507,24009,[-8.69734  0.4617  -0.78155],0,4,20
107,107,103997460_171030507,24009,[-8.69734  0.4617  -0.78155],0,4,21
108,108,103997460_171030507,24009,[-8.69734  0.4617  -0.78155],0,4,22
109,109,103997460_171030507,24009,[-8.69734  0.4617  -0.78155],0,4,23
110,110,103997460_171030507,24009,[-8.69734  0.4617  -0.78155],0,4,24
111,111,103997460_171030507,24009,[-8.69734  0.4617  -0.78155],0,4,25
112,112,103997460_171030507,24009,[-8.69734  0.4617  -0.78155],0,4,26
113,113,103997460_171030507,24009,[-8.69734  0.4617  -0.78155],0,4,27
114,114,103997460_171030507,24009,[-8.69734  0.4617  -0.78155],0,4,28
115,115,103997460_171030507,24009,[-8.69734  0.4617  -0.78155],0,4,29
116,116,103997460_171030507,24009,[-8.69734  0.4617  -0.78155],0,4,30
117,117,103997460_171030507,24009,[-8.69734  0.4617  -0.78155],0,4,31
118,118,103997460_171030507,24009,[-8.69734  0.4617  -0.78155],0,4,32
119,119,103997460_171030507,24009,[-8.69734  0.4617  -0.78155],0,4,33
120,120,103997460_171030507,24009,[-8.69734  0.4617  -0.78155],0,4,34
121,121,103997460_171030507,24009,[-8.69734  0.4617  -0.78155],0,4,35
122,122,103997460_171030507,24009,[-8.69734  0.4617  -0.78155],0,4,36
123,123,103997460_171030507,24009,[-8.69734  0.4617  -0.78155],0,4,37
124,124,103997460_171030507,24009,[-8.69734  0.4617  -0.78155],0,4,38
125,125,103997460_171030507,24009,[-8.69734  0.4617  -0.78155],0,4,39
126,126,103997460_171030507,24009,[-8.69734  0.4617  -0.78155],0,4,40
127,127,103997460_171030507,24009,[-8.47597  0.45634 -0.58236],0,5,0
128,128,103997460_171030507,24009,[-8.47597  0.45634 -0.58236],0,5,1
129,129,103997460_171030507,24009,[-8.47597  0.45634 -0.58236],0,5,2
130,130,103997460_171030507,24009,[-8.47597  0.45634 -0.58236],0,5,3
131,131,103997460_171030507,24009,[-8.47597  0.45634 -0.58236],0,5,4
132,132,103997460_171030507,24009,[-8.47597  0.45634 -0.58236],0,5,5
133,133,103997460_171030507,24009,[-8.47597  0.45634 -0.58236],0,5,6
134,134,103997460_171030507,24009,[-8.47597  0.45634 -0.58236],0,5,7
135,135,103997460_171030507,24009,[-8.47597  0.45634 -0.58236],0,5,8
136,136,103997460_171030507,24009,[-8.47597  0.45634 -0.58236],0,5,9
137,137,103997460_171030507,24009,[-8.47597  0.45634 -0.58236],0,5,10
138,138,103997460_171030507,24009,[-8.47597  0.45634 -0.58236],0,5,11
139,139,103997460_171030507,24009,[-8.47597  0.45634 -0.58236],0,5,12
140,140,103997460_171030507,24009,[-8.47597  0.45634 -0.58236],0,5,13
141,141,103997460_171030507,24009,[-8.47597  0.45634 -0.58236],0,5,14
142,142,103997460_171030507,24009,[-8.47597  0.45634 -0.58236],0,5,15
143,143,103997460_171030507,24009,[-8.47597  0.45634 -0.58236],0,5,16
144,144,103997460_171030507,24009,[-8.47597  0.45634 -0.58236],0,5,17
145,145,103997460_171030507,24009,[-8.47597  0.45634 -0.58236],0,5,18
146,146,103997460_171030507,24009,[-8.47597  0.45634 -0.58236],0,5,19
147,147,103997460_171030507,24009,[-8.47597  0.45634 -0.58236],0,5,20
148,148,103997460_171030507,24009,[-8.47597  0.45634 -0.58236],0,5,21
149,149,103997460_171030507,24009,[-8.47597  0.45634 -0.58236],0,5,22
150,150,103997460_171030507,24009,[-8.47597  0.45634 -0.58236],0,5,23
151,151,103997460_171030507,24009,[-8.47597  0.45634 -0.58236],0,5,24
152,152,103997460_171030507,24009,[-8.47597  0.45634 -0.58236],0,5,25
153,153,103997460_171030507,24009,[-8.47597  0.45634 -0.58236],0,5,26
154,154,103997460_171030507,24009,[-8.47597  0.45634 -0.58236],0,5,27
155,155,103997460_171030507,24009,[-8.47597  0.45634 -0.58236],0,5,28
156,156,103997460_171030507,24009,[-8.47597  0.45634 -0.58236],0,5,29
157,157,103997460_171030507,24009,[-8.47597  0.45634 -0.58236],0,5,30
158,158,103997460_171030507,24009,[-8.47597  0.45634 -0.58236],0,5,31
159,159,103997460_171030507,24009,[-8.47597  0.45634 -0.58236],0,5,32
160,160,103997460_171030507,24009,[-8.47597  0.45634 -0.58236],0,5,33
161,161,103997460_171030507,24009,[-8.47597  0.45634 -0.58236],0,5,34
162,162,103997460_171030507,24009,[-8.47597  0.45634 -0.58236],0,5,35
163,163,103997460_171030507,24009,[-8.47597  0.45634 -0.58236],0,5,36
164,164,103997460_171030507,24009,[-8.47597  0.45634 -0.58236],0,5,37
165,165,103997460_171030507,24009,[-8.47597  0.45634 -0.58236],0,5,38
166,166,103997460_171030507,24009,[-8.47597  0.45634 -0.58236],0,5,39
167,167,103997460_171030507,24009,[-8.47597  0.45634 -0.58236],0,5,40
168,168,103997460_171030507,24009,[-8.47597  0.45634 -0.58236],0,5,41
169,169,103997460_171030507,24009,[-8.47597  0.45634 -0.58236],0,5,42
170,170,103997460_171030507,24009,[-8.47597  0.45634 -0.58236],0,5,43
171,171,103997460_171030507,24009,[-8.47597  0.45634 -0.58236],0,5,44
172,172,103997460_171030507,24009,[-8.47597  0.45634 -0.58236],0,5,45
173,173,103997460_171030507,24009,[-8.47597  0.45634 -0.58236],0,5,46
174,174,103997460_171030507,24009,[-8.47597  0.45634 -0.58236],0,5,47
175,175,103997460_171030507,24009,[-8.47597  0.45634 -0.58236],0,5,48
176,176,103997460_171030507,24009,[-8.47597  0.45634 -0.58236],0,5,49
177,177,103997460_171030507,24009,[-8.47597  0.45634 -0.58236],0,5,50
178,178,103997460_171030507,24009,[-8.47597  0.45634 -0.58236],0,5,51
179,179,103997460_171030507,24009,[-8.47597  0.45634 -0.58236],0,5,52
180,180,103997460_171030507,24009,[-6.80095  0.4617  -0.70167],0,6,0
181,181,103997460_171030507,24009,[-6.80095  0.4617  -0.70167],0,6,1
182,182,103997460_171030507,24009,[-6.80095  0.4617  -0.70167],0,6,2
183,183,103997460_171030507,24009,[-6.80095  0.4617  -0.70167],0,6,3
184,184,103997460_171030507,24009,[-6.80095  0.4617  -0.70167],0,6,4
185,185,103997460_171030507,24009,[-6.80095  0.4617  -0.70167],0,6,5
186,186,103997460_171030507,24009,[-6.80095  0.4617  -0.70167],0,6,6
187,187,103997460_171030507,24009,[-6.80095  0.4617  -0.70167],0,6,7
188,188,103997460_171030507,24009,[-6.80095  0.4617  -0.70167],0,6,8
189,189,103997460_171030507,24009,[-6.80095  0.4617  -0.70167],0,6,9
190,190,103997460_171030507,24009,[-6.80095  0.4617  -0.70167],0,6,10
191,191,103997460_171030507,24009,[-6.80095  0.4617  -0.70167],0,6,11
192,192,103997460_171030507,24009,[-6.80095  0.4617  -0.70167],0,6,12
193,193,103997460_171030507,24009,[-6.80095  0.4617  -0.70167],0,6,13
194,194,103997460_171030507,24009,[-6.80095  0.4617  -0.70167],0,6,14
195,195,103997460_171030507,24009,[-6.80095  0.4617  -0.70167],0,6,15
196,196,103997460_171030507,24009,[-6.80095  0.4617  -0.70167],0,6,16
197,197,103997460_171030507,24009,[-6.80095  0.4617  -0.70167],0,6,17
198,198,103997460_171030507,24009,[-6.80095  0.4617  -0.70167],0,6,18
199,199,103997460_171030507,24009,[-6.80095  0.4617  -0.70167],0,6,19
200,200,103997460_171030507,24009,[-6.80095  0.4617  -0.70167],0,6,20
201,201,103997460_171030507,24009,[-6.80095  0.4617  -0.70167],0,6,21
202,202,103997460_171030507,24009,[-6.80095  0.4617  -0.70167],0,6,22
203,203,103997460_171030507,24009,[-6.80095  0.4617  -0.70167],0,6,23
204,204,103997460_171030507,24009,[-6.80095  0.4617  -0.70167],0,6,24
205,205,103997460_171030507,24009,[-6.80095  0.4617  -0.70167],0,6,25
206,206,103997460_171030507,24009,[-6.80095  0.4617  -0.70167],0,6,26
207,207,103997460_171030507,24009,[-6.80095  0.4617  -0.70167],0,6,27
208,208,103997460_171030507,24009,[-6.80095  0.4617  -0.70167],0,6,28
209,209,103997460_171030507,24009,[-6.80095  0.4617  -0.70167],0,6,29
210,210,103997460_171030507,24009,[-6.80095  0.4617  -0.70167],0,6,30
211,211,103997460_171030507,24009,[-6.80095  0.4617  -0.70167],0,6,31
212,212,103997460_171030507,24009,[-6.80095  0.4617  -0.70167],0,6,32
213,213,103997460_171030507,24009,[-6.80095  0.4617  -0.70167],0,6,33
214,214,103997460_171030507,24009,[-6.80095  0.4617  -0.70167],0,6,34
215,215,103997460_171030507,24009,[-6.80095  0.4617  -0.70167],0,6,35
216,216,103997460_171030507,24009,[-6.80095  0.4617  -0.70167],0,6,36
217,217,103997460_171030507,24009,[-6.80095  0.4617  -0.70167],0,6,37
218,218,103997460_171030507,24009,[-6.80095  0.4617  -0.70167],0,6,38
219,219,103997460_171030507,24009,[-6.80095  0.4617  -0.70167],0,6,39
220,220,103997460_171030507,24009,[-6.80095  0.4617  -0.70167],0,6,40
221,221,103997460_171030507,24009,[-6.80095  0.4617  -0.70167],0,6,41
222,222,103997460_171030507,24009,[-6.80095  0.4617  -0.70167],0,6,42
223,223,103997460_171030507,24009,[-6.80095  0.4617  -0.70167],0,6,43
224,224,103997460_171030507,24009,[-6.80095  0.4617  -0.70167],0,6,44
225,225,103997460_171030507,24009,[-6.80095  0.4617  -0.70167],0,6,45
226,226,103997460_171030507,24009,[-6.80095  0.4617  -0.70167],0,6,46
227,227,103997460_171030507,24009,[-6.80095  0.4617  -0.70167],0,6,47
228,228,103997460_171030507,24009,[-6.80095  0.4617  -0.70167],0,6,48
229,229,103997460_171030507,24009,[-6.80095  0.4617  -0.70167],0,6,49
230,230,103997460_171030507,24009,[-6.80095  0.4617  -0.70167],0,6,50
231,231,103997460_171030507,24009,[-6.80095  0.4617  -0.70167],0,6,51
232,232,103997460_171030507,24009,[-6.80095  0.4617  -0.70167],0,6,52
233,233,103997460_171030507,24009,[-6.80095  0.4617  -0.70167],0,6,53
234,234,103997460_171030507,24009,[-6.80095  0.4617  -0.70167],0,6,54
235,235,103997460_171030507,24009,[-6.80095  0.4617  -0.70167],0,6,55
236,236,103997460_171030507,24009,[-6.80095  0.4617  -0.70167],0,6,56
237,237,103997460_171030507,24009,[-6.80095  0.4617  -0.70167],0,6,57
238,238,103997460_171030507,24009,[-6.80095  0.4617  -0.70167],0,6,58
239,239,103997460_171030507,24009,[-6.80095  0.4617  -0.70167],0,6,59
240,240,103997460_171030507,24009,[-6.80095  0.4617  -0.70167],0,6,60
241,241,103997460_171030507,24009,[-6.80095  0.4617  -0.70167],0,6,61
242,242,103997460_171030507,24009,[-6.80095  0.4617  -0.70167],0,6,62
243,243,103997460_171030507,24009,[-6.80095  0.4617  -0.70167],0,6,63
244,244,103997460_171030507,24009,[-6.80095  0.4617  -0.70167],0,6,64
245,245,103997460_171030507,24009,[-6.80095  0.4617  -0.70167],0,6,65
246,246,103997460_171030507,24009,[-6.80095  0.4617  -0.70167],0,6,66
247,247,103997460_171030507,24009,[-6.80095  0.4617  -0.70167],0,6,67
248,248,103997460_171030507,24009,[-6.80095  0.4617  -0.70167],0,6,68
249,249,103997460_171030507,24009,[-6.80095  0.4617  -0.70167],0,6,69
250,250,103997460_171030507,24009,[-6.80095  0.4617  -0.70167],0,6,70
251,251,103997460_171030507,24009,[-6.5048   0.45634 -0.73289],0,7,0
252,252,103997460_171030507,24009,[-6.5048   0.45634 -0.73289],0,7,1
253,253,103997460_171030507,24009,[-6.5048   0.45634 -0.73289],0,7,2
254,254,103997460_171030507,24009,[-6.5048   0.45634 -0.73289],0,7,3
255,255,103997460_171030507,24009,[-6.5048   0.45634 -0.73289],0,7,4
256,256,103997460_171030507,24009,[-6.5048   0.45634 -0.73289],0,7,5
257,257,103997460_171030507,24009,[-6.5048   0.45634 -0.73289],0,7,6
258,258,103997460_171030507,24009,[-6.5048   0.45634 -0.73289],0,7,7
259,259,103997460_171030507,24009,[-6.5048   0.45634 -0.73289],0,7,8
260,260,103997460_171030507,24009,[-6.5048   0.45634 -0.73289],0,7,9
261,261,103997460_171030507,24009,[-6.5048   0.45634 -0.73289],0,7,10
262,262,103997460_171030507,24009,[-6.5048   0.45634 -0.73289],0,7,11
263,263,103997460_171030507,24009,[-6.5048   0.45634 -0.73289],0,7,12
264,264,103997460_171030507,24009,[-6.5048   0.45634 -0.73289],0,7,13
265,265,103997460_171030507,24009,[-6.5048   0.45634 -0.73289],0,7,14
266,266,103997460_171030507,24009,[-6.5048   0.45634 -0.73289],0,7,15
267,267,103997460_171030507,24009,[-6.5048   0.45634 -0.73289],0,7,16
268,268,103997460_171030507,24009,[-6.5048   0.45634 -0.73289],0,7,17
269,269,103997460_171030507,24009,[-6.5048   0.45634 -0.73289],0,7,18
270,270,103997460_171030507,24009,[-6.5048   0.45634 -0.73289],0,7,19
271,271,103997460_171030507,24009,[-6.5048   0.45634 -0.73289],0,7,20
272,272,103997460_171030507,24009,[-6.5048   0.45634 -0.73289],0,7,21
273,273,103997460_171030507,24009,[-6.5048   0.45634 -0.73289],0,7,22
274,274,103997460_171030507,24009,[-6.5048   0.45634 -0.73289],0,7,23
275,275,103997460_171030507,24009,[-6.5048   0.45634 -0.73289],0,7,24
276,276,103997460_171030507,24009,[-6.5048   0.45634 -0.73289],0,7,25
277,277,103997460_171030507,24009,[-6.5048   0.45634 -0.73289],0,7,26
278,278,103997460_171030507,24009,[-6.5048   0.45634 -0.73289],0,7,27
279,279,103997460_171030507,24009,[-6.5048   0.45634 -0.73289],0,7,28
280,280,103997460_171030507,24009,[-6.5048   0.45634 -0.73289],0,7,29
281,281,103997460_171030507,24009,[-6.5048   0.45634 -0.73289],0,7,30
282,282,103997460_171030507,24009,[-6.5048   0.45634 -0.73289],0,7,31
283,283,103997460_171030507,24009,[-6.5048   0.45634 -0.73289],0,7,32
284,284,103997460_171030507,24009,[-6.5048   0.45634 -0.73289],0,7,33
285,285,103997460_171030507,24009,[-6.5048   0.45634 -0.73289],0,7,34
286,286,103997460_171030507,24009,[-6.5048   0.45634 -0.73289],0,7,35
287,287,103997460_171030507,24009,[-6.5048   0.45634 -0.73289],0,7,36
288,288,103997460_171030507,24009,[-6.5048   0.45634 -0.73289],0,7,37
289,289,103997460_171030507,24009,[-6.5048   0.45634 -0.73289],0,7,38
290,290,103997460_171030507,24009,[-6.5048   0.45634 -0.73289],0,7,39
291,291,103997460_171030507,24009,[-6.5048   0.45634 -0.73289],0,7,40
292,292,103997460_171030507,24009,[-6.5048   0.45634 -0.73289],0,7,41
293,293,103997460_171030507,24009,[-6.5048   0.45634 -0.73289],0,7,42
294,294,103997460_171030507,24009,[-6.5048   0.45634 -0.73289],0,7,43
295,295,103997460_171030507,24009,[-6.5048   0.45634 -0.73289],0,7,44
296,296,103997460_171030507,24009,[-6.5048   0.45634 -0.73289],0,7,45
297,297,103997460_171030507,24009,[-6.5048   0.45634 -0.73289],0,7,46
298,298,103997460_171030507,24009,[-6.5048   0.45634 -0.73289],0,7,47
299,299,103997460_171030507,24009,[-6.5048   0.45634 -0.73289],0,7,48
300,300,103997460_171030507,24009,[-6.5048   0.45634 -0.73289],0,7,49
301,301,103997460_171030507,24009,[-6.5048   0.45634 -0.73289],0,7,50
302,302,103997460_171030507,24009,[-6.5048   0.45634 -0.73289],0,7,51
303,303,103997460_171030507,24009,[-6.5048   0.45634 -0.73289],0,7,52
304,304,103997460_171030507,24009,[-6.5048   0.45634 -0.73289],0,7,53
305,305,103997460_171030507,24009,[-6.5048   0.45634 -0.73289],0,7,54
306,306,103997460_171030507,24009,[-6.5048   0.45634 -0.73289],0,7,55
307,307,103997460_171030507,24009,[-6.5048   0.45634 -0.73289],0,7,56
308,308,103997460_171030507,24009,[-6.5048   0.45634 -0.73289],0,7,57
309,309,103997460_171030507,24009,[-6.5048   0.45634 -0.73289],0,7,58
310,310,103997460_171030507,24009,[-6.5048   0.45634 -0.73289],0,7,59
311,311,103997460_171030507,24009,[-6.5048   0.45634 -0.73289],0,7,60
312,312,103997460_171030507,24009,[-6.5048   0.45634 -0.73289],0,7,61
313,313,103997460_171030507,24009,[-6.5048   0.45634 -0.73289],0,7,62
314,314,103997460_171030507,24009,[-6.5048   0.45634 -0.73289],0,7,63
315,315,103997460_171030507,24009,[-6.5048   0.45634 -0.73289],0,7,64
316,316,103997460_171030507,24009,[-6.5048   0.45634 -0.73289],0,7,65
317,317,103997460_171030507,24009,[-6.5048   0.45634 -0.73289],0,7,66
318,318,103997460_171030507,24009,[-6.5048   0.45634 -0.73289],0,7,67
319,319,103997460_171030507,24009,[-4.20304  0.64415 -0.83305],0,8,0
320,320,103997460_171030507,24009,[-4.20304  0.64415 -0.83305],0,8,1
321,321,103997460_171030507,24009,[-5.02008  0.64415 -1.89502],0,9,0
322,322,103997460_171030507,24009,[-5.02008  0.64415 -1.89502],0,9,1
323,323,103997460_171030507,24009,[-5.02008  0.64415 -1.89502],0,9,2
324,324,103997460_171030507,24009,[-5.02008  0.64415 -1.89502],0,9,3
325,325,103997460_171030507,24009,[-5.02008  0.64415 -1.89502],0,9,4
326,326,103997460_171030507,24009,[-5.02008  0.64415 -1.89502],0,9,5
327,327,103997460_171030507,24009,[-5.02008  0.64415 -1.89502],0,9,6
328,328,103997460_171030507,24009,[-5.02008  0.64415 -1.89502],0,9,7
329,329,103997460_171030507,24009,[-5.02008  0.64415 -1.89502],0,9,8
330,330,103997460_171030507,24009,[-5.02008  0.64415 -1.89502],0,9,9
331,331,103997460_171030507,24009,[-5.02008  0.64415 -1.89502],0,9,10
332,332,103997460_171030507,24009,[-5.02008  0.64415 -1.89502],0,9,11
333,333,103997460_171030507,24009,[-5.02008  0.64415 -1.89502],0,9,12
334,334,103997460_171030507,24009,[-5.02008  0.64415 -1.89502],0,9,13
335,335,103997460_171030507,24009,[-5.02008  0.64415 -1.89502],0,9,14
336,336,103997460_171030507,24009,[-5.02008  0.64415 -1.89502],0,9,15
337,337,103997460_171030507,24009,[-5.02008  0.64415 -1.89502],0,9,16
338,338,103997460_171030507,24009,[-5.02008  0.64415 -1.89502],0,9,17
339,339,103997460_171030507,24009,[-5.02008  0.64415 -1.89502],0,9,18
340,340,103997460_171030507,24009,[-5.02008  0.64415 -1.89502],0,9,19
341,341,103997460_171030507,24009,[-5.02008  0.64415 -1.89502],0,9,20
342,342,103997460_171030507,24009,[-5.02008  0.64415 -1.89502],0,9,21
343,343,103997460_171030507,24009,[-5.02008  0.64415 -1.89502],0,9,22
344,344,103997460_171030507,24009,[-5.02008  0.64415 -1.89502],0,9,23
345,345,103997460_171030507,24009,[-5.02008  0.64415 -1.89502],0,9,24
346,346,103997460_171030507,24009,[-5.02008  0.64415 -1.89502],0,9,25
347,347,103997460_171030507,24009,[-5.02008  0.64415 -1.89502],0,9,26
348,348,103997460_171030507,24009,[-5.02008  0.64415 -1.89502],0,9,27
349,349,103997460_171030507,24009,[-5.02008  0.64415 -1.89502],0,9,28
350,350,103997460_171030507,24009,[-5.02008  0.64415 -1.89502],0,9,29
351,351,103997460_171030507,24009,[-5.02008  0.64415 -1.89502],0,9,30
352,352,103997460_171030507,24009,[-5.02008  0.64415 -1.89502],0,9,31
353,353,103997460_171030507,24009,[-5.02008  0.64415 -1.89502],0,9,32
354,354,103997460_171030507,24009,[-5.02008  0.64415 -1.89502],0,9,33
355,355,103997460_171030507,24009,[-5.02008  0.64415 -1.89502],0,9,34
356,356,103997460_171030507,24009,[-5.02008  0.64415 -1.89502],0,9,35
357,357,103997460_171030507,24009,[-5.02008  0.64415 -1.89502],0,9,36
358,358,103997460_171030507,24009,[-5.02008  0.64415 -1.89502],0,9,37
359,359,103997460_171030507,24009,[-5.02008  0.64415 -1.89502],0,9,38
360,360,103997460_171030507,24009,[-2.16749  0.64415 -1.68006],0,10,0
361,361,103997460_171030507,24009,[-2.16749  0.64415 -1.68006],0,10,1
362,362,103997460_171030507,24009,[-2.16749  0.64415 -1.68006],0,10,2
363,363,103997460_171030507,24009,[-2.16749  0.64415 -1.68006],0,10,3
364,364,103997460_171030507,24009,[-2.16749  0.64415 -1.68006],0,10,4
365,365,103997460_171030507,24009,[-2.16749  0.64415 -1.68006],0,10,5
366,366,103997460_171030507,24009,[-2.16749  0.64415 -1.68006],0,10,6
367,367,103997460_171030507,24009,[-2.16749  0.64415 -1.68006],0,10,7
368,368,108736737_177263406,25881,[3.56798 0.9     1.65117],1,0,0
369,369,108736737_177263406,25881,[3.56798 0.9     1.65117],1,0,1
370,370,108736737_177263406,25881,[3.56798 0.9     1.65117],1,0,2
371,371,108736737_177263406,25881,[3.56798 0.9     1.65117],1,0,3
372,372,108736737_177263406,25881,[3.56798 0.9     1.65117],1,0,4
373,373,108736737_177263406,25881,[3.56798 0.9     1.65117],1,0,5
374,374,108736737_177263406,25881,[3.56798 0.9     1.65117],1,0,6
375,375,108736737_177263406,25881,[3.56798 0.9     1.65117],1,0,7
376,376,108736737_177263406,25881,[3.56798 0.9     1.65117],1,0,8
377,377,108736737_177263406,25881,[3.56798 0.9     1.65117],1,0,9
378,378,108736737_177263406,25881,[3.56798 0.9     1.65117],1,0,10
379,379,108736737_177263406,25881,[3.56798 0.9     1.65117],1,0,11
380,380,108736737_177263406,25881,[3.56798 0.9     1.65117],1,0,12
381,381,108736737_177263406,25881,[3.56798 0.9     1.65117],1,0,13
382,382,108736737_177263406,25881,[3.56798 0.9     1.65117],1,0,14
383,383,108736737_177263406,25881,[3.56798 0.9     1.65117],1,0,15
384,384,108736737_177263406,25881,[3.56798 0.9     1.65117],1,0,16
385,385,108736737_177263406,25881,[3.56798 0.9     1.65117],1,0,17
386,386,108736737_177263406,25881,[3.56798 0.9     1.65117],1,0,18
387,387,108736737_177263406,25881,[3.56798 0.9     1.65117],1,0,19
388,388,108736737_177263406,25881,[-0.21812  0.9      1.65117],1,1,0
389,389,108736737_177263406,25881,[-0.21812  0.9      1.65117],1,1,1
390,390,108736737_177263406,25881,[-0.21812  0.9      1.65117],1,1,2
391,391,108736737_177263406,25881,[-0.21812  0.9      1.65117],1,1,3
392,392,108736737_177263406,25881,[-0.21812  0.9      1.65117],1,1,4
393,393,108736737_177263406,25881,[-0.21812  0.9      1.65117],1,1,5
394,394,108736737_177263406,25881,[-0.21812  0.9      1.65117],1,1,6
395,395,108736737_177263406,25881,[-0.21812  0.9      1.65117],1,1,7
396,396,108736737_177263406,25881,[-0.21812  0.9      1.65117],1,1,8
397,397,108736737_177263406,25881,[-0.21812  0.9      1.65117],1,1,9
398,398,108736737_177263406,25881,[-0.21812  0.9      1.65117],1,1,10
399,399,108736737_177263406,25881,[-0.21812  0.9      1.65117],1,1,11
400,400,108736737_177263406,25881,[-0.21812  0.9      1.65117],1,1,12
401,401,108736737_177263406,25881,[-0.21812  0.9      1.65117],1,1,13
402,402,108736737_177263406,25881,[-0.21812  0.9      1.65117],1,1,14
403,403,108736737_177263406,25881,[-0.21812  0.9      1.65117],1,1,15
404,404,108736737_177263406,25881,[-0.21812  0.9      1.65117],1,1,16
405,405,108736737_177263406,25881,[-0.21812  0.9      1.65117],1,1,17
406,406,108736737_177263406,25881,[-0.21812  0.9      1.65117],1,1,18
407,407,108736737_177263406,25881,[-0.21812  0.9      1.65117],1,1,19
408,408,108736737_177263406,25881,[-0.21812  0.9      1.65117],1,1,20
409,409,108736737_177263406,25881,[-0.21812  0.9      1.65117],1,1,21
410,410,108736737_177263406,25881,[-0.21812  0.9      1.65117],1,1,22
411,411,108736737_177263406,25881,[-0.21812  0.9      1.65117],1,1,23
412,412,108736737_177263406,25881,[-0.21812  0.9      1.65117],1,1,24
413,413,108736737_177263406,25881,[-0.21812  0.9      1.65117],1,1,25
414,414,108736737_177263406,25881,[-0.21812  0.9      1.65117],1,1,26
415,415,108736737_177263406,25881,[-0.21812  0.9      1.65117],1,1,27
416,416,108736737_177263406,25881,[-0.21812  0.9      1.65117],1,1,28
417,417,108736737_177263406,25881,[-0.21812  0.9      1.65117],1,1,29
418,418,108736737_177263406,25881,[-0.21812  0.9      1.65117],1,1,30
419,419,108736737_177263406,25881,[-0.21812  0.9      1.65117],1,1,31
420,420,108736737_177263406,25881,[-0.21812  0.9      1.65117],1,1,32
421,421,108736737_177263406,25881,[-0.21812  0.9      1.65117],1,1,33
422,422,108736737_177263406,25881,[-0.21812  0.9      1.65117],1,1,34
423,423,108736737_177263406,25881,[-0.21812  0.9      1.65117],1,1,35
424,424,108736737_177263406,25881,[-0.21812  0.9      1.65117],1,1,36
425,425,108736737_177263406,25881,[-0.21812  0.9      1.65117],1,1,37
426,426,108736737_177263406,25881,[-0.21812  0.9      1.65117],1,1,38
427,427,108736737_177263406,25881,[-0.21812  0.9      1.65117],1,1,39
428,428,108736737_177263406,25881,[-0.21812  0.9      1.65117],1,1,40
429,429,108736737_177263406,25881,[-0.21812  0.9      1.65117],1,1,41
430,430,108736737_177263406,25881,[-0.21812  0.9      1.65117],1,1,42
431,431,108736737_177263406,25881,[-0.21812  0.9      1.65117],1,1,43
432,432,108736737_177263406,25881,[-0.21812  0.9      1.65117],1,1,44
433,433,108736737_177263406,25881,[-0.21812  0.9      1.65117],1,1,45
434,434,108736737_177263406,25881,[-0.21812  0.9      1.65117],1,1,46
435,435,108736737_177263406,25881,[-0.21812  0.9      1.65117],1,1,47
436,436,108736737_177263406,25881,[2.28148 0.90309 1.7634 ],1,2,0
437,437,108736737_177263406,25881,[2.28148 0.90309 1.7634 ],1,2,1
438,438,108736737_177263406,25881,[2.28148 0.90309 1.7634 ],1,2,2
439,439,108736737_177263406,25881,[2.28148 0.90309 1.7634 ],1,2,3
440,440,108736737_177263406,25881,[2.28148 0.90309 1.7634 ],1,2,4
441,441,108736737_177263406,25881,[2.28148 0.90309 1.7634 ],1,2,5
442,442,108736737_177263406,25881,[2.28148 0.90309 1.7634 ],1,2,6
443,443,108736737_177263406,25881,[2.28148 0.90309 1.7634 ],1,2,7
444,444,108736737_177263406,25881,[2.28148 0.90309 1.7634 ],1,2,8
445,445,108736737_177263406,25881,[2.28148 0.90309 1.7634 ],1,2,9
446,446,108736737_177263406,25881,[2.28148 0.90309 1.7634 ],1,2,10
447,447,108736737_177263406,25881,[2.28148 0.90309 1.7634 ],1,2,11
448,448,108736737_177263406,25881,[2.28148 0.90309 1.7634 ],1,2,12
449,449,108736737_177263406,25881,[2.28148 0.90309 1.7634 ],1,2,13
450,450,108736737_177263406,25881,[2.28148 0.90309 1.7634 ],1,2,14
451,451,108736737_177263406,25881,[2.28148 0.90309 1.7634 ],1,2,15
452,452,108736737_177263406,25881,[2.28148 0.90309 1.7634 ],1,2,16
453,453,108736737_177263406,25881,[2.28148 0.90309 1.7634 ],1,2,17
454,454,108736737_177263406,25881,[2.28148 0.90309 1.7634 ],1,2,18
455,455,108736737_177263406,25881,[2.28148 0.90309 1.7634 ],1,2,19
456,456,108736737_177263406,25881,[2.28148 0.90309 1.7634 ],1,2,20
457,457,108736737_177263406,25881,[2.28148 0.90309 1.7634 ],1,2,21
458,458,108736737_177263406,25881,[2.28148 0.90309 1.7634 ],1,2,22
459,459,108736737_177263406,25881,[2.28148 0.90309 1.7634 ],1,2,23
460,460,108736737_177263406,25881,[2.28148 0.90309 1.7634 ],1,2,24
461,461,108736737_177263406,25881,[2.28148 0.90309 1.7634 ],1,2,25
462,462,108736737_177263406,25881,[2.28148 0.90309 1.7634 ],1,2,26
463,463,108736737_177263406,25881,[2.28148 0.90309 1.7634 ],1,2,27
464,464,108736737_177263406,25881,[2.28148 0.90309 1.7634 ],1,2,28
465,465,108736737_177263406,25881,[2.28148 0.90309 1.7634 ],1,2,29
466,466,108736737_177263406,25881,[2.28148 0.90309 1.7634 ],1,2,30
467,467,108736737_177263406,25881,[2.28148 0.90309 1.7634 ],1,2,31
468,468,108736737_177263406,25881,[2.28148 0.90309 1.7634 ],1,2,32
469,469,108736737_177263406,25881,[1.68085 0.9     1.76337],1,3,0
470,470,108736737_177263406,25881,[1.68085 0.9     1.76337],1,3,1
471,471,108736737_177263406,25881,[1.68085 0.9     1.76337],1,3,2
472,472,108736737_177263406,25881,[1.68085 0.9     1.76337],1,3,3
473,473,108736737_177263406,25881,[1.68085 0.9     1.76337],1,3,4
474,474,108736737_177263406,25881,[1.68085 0.9     1.76337],1,3,5
475,475,108736737_177263406,25881,[1.68085 0.9     1.76337],1,3,6
476,476,108736737_177263406,25881,[1.68085 0.9     1.76337],1,3,7
477,477,108736737_177263406,25881,[1.68085 0.9     1.76337],1,3,8
478,478,108736737_177263406,25881,[1.68085 0.9     1.76337],1,3,9
479,479,108736737_177263406,25881,[1.68085 0.9     1.76337],1,3,10
480,480,108736737_177263406,25881,[1.68085 0.9     1.76337],1,3,11
481,481,108736737_177263406,25881,[1.68085 0.9     1.76337],1,3,12
482,482,108736737_177263406,25881,[1.68085 0.9     1.76337],1,3,13
483,483,108736737_177263406,25881,[1.68085 0.9     1.76337],1,3,14
484,484,108736737_177263406,25881,[1.68085 0.9     1.76337],1,3,15
485,485,108736737_177263406,25881,[1.68085 0.9     1.76337],1,3,16
486,486,108736737_177263406,25881,[1.68085 0.9     1.76337],1,3,17
487,487,108736737_177263406,25881,[1.68085 0.9     1.76337],1,3,18
488,488,108736737_177263406,25881,[1.68085 0.9     1.76337],1,3,19
489,489,108736737_177263406,25881,[1.68085 0.9     1.76337],1,3,20
490,490,108736737_177263406,25881,[1.68085 0.9     1.76337],1,3,21
491,491,108736737_177263406,25881,[1.68085 0.9     1.76337],1,3,22
492,492,108736737_177263406,25881,[1.68085 0.9     1.76337],1,3,23
493,493,108736737_177263406,25881,[1.68085 0.9     1.76337],1,3,24
494,494,108736737_177263406,25881,[1.68085 0.9     1.76337],1,3,25
495,495,108736737_177263406,25881,[1.68085 0.9     1.76337],1,3,26
496,496,108736737_177263406,25881,[1.68085 0.9     1.76337],1,3,27
497,497,108736737_177263406,25881,[1.68085 0.9     1.76337],1,3,28
498,498,108736737_177263406,25881,[1.68085 0.9     1.76337],1,3,29
499,499,108736737_177263406,25881,[1.68085 0.9     1.76337],1,3,30
500,500,108736737_177263406,25881,[1.68085 0.9     1.76337],1,3,31
501,501,108736737_177263406,25881,[1.68085 0.9     1.76337],1,3,32
502,502,108736737_177263406,25881,[1.68085 0.9     1.76337],1,3,33
503,503,108736737_177263406,25881,[1.68085 0.9     1.76337],1,3,34
504,504,108736737_177263406,25881,[1.68085 0.9     1.76337],1,3,35
505,505,108736737_177263406,25881,[1.68085 0.9     1.76337],1,3,36
506,506,108736737_177263406,25881,[1.68085 0.9     1.76337],1,3,37
507,507,108736737_177263406,25881,[1.68085 0.9     1.76337],1,3,38
508,508,108736737_177263406,25881,[1.68085 0.9     1.76337],1,3,39
509,509,108736737_177263406,25881,[1.68085 0.9     1.76337],1,3,40
510,510,108736737_177263406,25881,[1.68085 0.9     1.76337],1,3,41
511,511,108736737_177263406,25881,[1.68085 0.9     1.76337],1,3,42
512,512,108736737_177263406,25881,[1.68085 0.9     1.76337],1,3,43
513,513,108736737_177263406,25881,[2.88135 0.9     1.76337],1,4,0
514,514,108736737_177263406,25881,[2.88135 0.9     1.76337],1,4,1
515,515,108736737_177263406,25881,[2.88135 0.9     1.76337],1,4,2
516,516,108736737_177263406,25881,[2.88135 0.9     1.76337],1,4,3
517,517,108736737_177263406,25881,[2.88135 0.9     1.76337],1,4,4
518,518,108736737_177263406,25881,[2.88135 0.9     1.76337],1,4,5
519,519,108736737_177263406,25881,[2.88135 0.9     1.76337],1,4,6
520,520,108736737_177263406,25881,[2.88135 0.9     1.76337],1,4,7
521,521,108736737_177263406,25881,[2.88135 0.9     1.76337],1,4,8
522,522,108736737_177263406,25881,[2.88135 0.9     1.76337],1,4,9
523,523,108736737_177263406,25881,[2.88135 0.9     1.76337],1,4,10
524,524,108736737_177263406,25881,[2.88135 0.9     1.76337],1,4,11
525,525,108736737_177263406,25881,[2.88135 0.9     1.76337],1,4,12
526,526,108736737_177263406,25881,[2.88135 0.9     1.76337],1,4,13
527,527,108736737_177263406,25881,[2.88135 0.9     1.76337],1,4,14
528,528,108736737_177263406,25881,[2.88135 0.9     1.76337],1,4,15
529,529,108736737_177263406,25881,[2.88135 0.9     1.76337],1,4,16
530,530,108736737_177263406,25881,[2.88135 0.9     1.76337],1,4,17
531,531,108736737_177263406,25881,[2.88135 0.9     1.76337],1,4,18
532,532,108736737_177263406,25881,[0.56968 0.9     1.76362],1,5,0
533,533,108736737_177263406,25881,[0.56968 0.9     1.76362],1,5,1
534,534,108736737_177263406,25881,[0.56968 0.9     1.76362],1,5,2
535,535,108736737_177263406,25881,[0.56968 0.9     1.76362],1,5,3
536,536,108736737_177263406,25881,[0.56968 0.9     1.76362],1,5,4
537,537,108736737_177263406,25881,[0.56968 0.9     1.76362],1,5,5
538,538,108736737_177263406,25881,[0.56968 0.9     1.76362],1,5,6
539,539,108736737_177263406,25881,[0.56968 0.9     1.76362],1,5,7
540,540,108736737_177263406,25881,[0.56968 0.9     1.76362],1,5,8
541,541,108736737_177263406,25881,[0.56968 0.9     1.76362],1,5,9
542,542,108736737_177263406,25881,[0.56968 0.9     1.76362],1,5,10
543,543,108736737_177263406,25881,[0.56968 0.9     1.76362],1,5,11
544,544,108736737_177263406,25881,[0.56968 0.9     1.76362],1,5,12
545,545,108736737_177263406,25881,[0.56968 0.9     1.76362],1,5,13
546,546,108736737_177263406,25881,[0.56968 0.9     1.76362],1,5,14
547,547,108736737_177263406,25881,[0.56968 0.9     1.76362],1,5,15
548,548,108736737_177263406,25881,[0.56968 0.9     1.76362],1,5,16
549,549,108736737_177263406,25881,[0.56968 0.9     1.76362],1,5,17
550,550,108736737_177263406,25881,[0.56968 0.9     1.76362],1,5,18
551,551,108736737_177263406,25881,[0.56968 0.9     1.76362],1,5,19
552,552,108736737_177263406,25881,[0.56968 0.9     1.76362],1,5,20
553,553,108736737_177263406,25881,[0.56968 0.9     1.76362],1,5,21
554,554,108736737_177263406,25881,[0.56968 0.9     1.76362],1,5,22
555,555,108736737_177263406,25881,[0.56968 0.9     1.76362],1,5,23
556,556,108736737_177263406,25881,[0.56968 0.9     1.76362],1,5,24
557,557,108736737_177263406,25881,[0.56968 0.9     1.76362],1,5,25
558,558,108736737_177263406,25881,[0.56968 0.9     1.76362],1,5,26
559,559,108736737_177263406,25881,[0.56968 0.9     1.76362],1,5,27
560,560,108736737_177263406,25881,[0.56968 0.9     1.76362],1,5,28
561,561,108736737_177263406,25881,[0.56968 0.9     1.76362],1,5,29
562,562,108736737_177263406,25881,[0.56968 0.9     1.76362],1,5,30
563,563,108736737_177263406,25881,[0.56968 0.9     1.76362],1,5,31
564,564,108736737_177263406,25881,[0.56968 0.9     1.76362],1,5,32
565,565,108736737_177263406,25881,[0.56968 0.9     1.76362],1,5,33
566,566,108736737_177263406,25881,[0.56968 0.9     1.76362],1,5,34
567,567,108736737_177263406,25881,[-2.79778  0.9      1.99926],1,6,0
568,568,108736737_177263406,25881,[-2.79778  0.9      1.99926],1,6,1
569,569,108736737_177263406,25881,[-2.79778  0.9      1.99926],1,6,2
570,570,108736737_177263406,25881,[-2.79778  0.9      1.99926],1,6,3
571,571,108736737_177263406,25881,[-2.79778  0.9      1.99926],1,6,4
572,572,108736737_177263406,25881,[-2.79778  0.9      1.99926],1,6,5
573,573,108736737_177263406,25881,[-2.79778  0.9      1.99926],1,6,6
574,574,108736737_177263406,25881,[-2.79778  0.9      1.99926],1,6,7
575,575,108736737_177263406,25881,[-2.79778  0.9      1.99926],1,6,8
576,576,108736737_177263406,25881,[-2.79778  0.9      1.99926],1,6,9
577,577,108736737_177263406,25881,[-2.79778  0.9      1.99926],1,6,10
578,578,108736737_177263406,25881,[-2.79778  0.9      1.99926],1,6,11
579,579,108736737_177263406,25881,[-2.79778  0.9      1.99926],1,6,12
580,580,108736737_177263406,25881,[-2.79778  0.9      1.99926],1,6,13
581,581,108736737_177263406,25881,[-2.79778  0.9      1.99926],1,6,14
582,582,108736737_177263406,25881,[-2.79778  0.9      1.99926],1,6,15
583,583,108736737_177263406,25881,[-2.79778  0.9      1.99926],1,6,16
584,584,108736737_177263406,25881,[-2.79778  0.9      1.99926],1,6,17
585,585,108736737_177263406,25881,[-2.79778  0.9      1.99926],1,6,18
586,586,108736737_177263406,25881,[-2.79778  0.9      1.99926],1,6,19
587,587,108736737_177263406,25881,[-2.79778  0.9      0.15279],1,7,0
588,588,108736737_177263406,25881,[-2.79778  0.9      0.15279],1,7,1
589,589,108736737_177263406,25881,[-2.79778  0.9      0.15279],1,7,2
590,590,108736737_177263406,25881,[-2.79778  0.9      0.15279],1,7,3
591,591,108736737_177263406,25881,[-2.79778  0.9      0.15279],1,7,4
592,592,108736737_177263406,25881,[-2.79778  0.9      0.15279],1,7,5
593,593,108736737_177263406,25881,[-2.79778  0.9      0.15279],1,7,6
594,594,108736737_177263406,25881,[-2.79778  0.9      0.15279],1,7,7
595,595,108736737_177263406,25881,[-2.79778  0.9      0.15279],1,7,8
596,596,108736737_177263406,25881,[-2.79778  0.9      0.15279],1,7,9
597,597,108736737_177263406,25881,[-2.79778  0.9      0.15279],1,7,10
598,598,108736737_177263406,25881,[-2.79778  0.9      0.15279],1,7,11
599,599,108736737_177263406,25881,[-2.79778  0.9      0.15279],1,7,12
600,600,108736737_177263406,25881,[-2.79778  0.9      0.15279],1,7,13
601,601,108736737_177263406,25881,[-2.79778  0.9      0.15279],1,7,14
602,602,108736737_177263406,25881,[-2.79778  0.9      0.15279],1,7,15
603,603,108736737_177263406,25881,[-2.79778  0.9      0.15279],1,7,16
604,604,108736737_177263406,25881,[-2.79778  0.9      0.15279],1,7,17
605,605,108736737_177263406,25881,[-2.79778  0.9      0.15279],1,7,18
606,606,108736737_177263406,25881,[-2.79778  0.9      0.15279],1,7,19
607,607,108736737_177263406,25881,[-2.79778  0.9      0.15279],1,7,20
608,608,108736737_177263406,25881,[-2.79778  0.9      0.15279],1,7,21
609,609,108736737_177263406,25881,[-2.79778  0.9      0.15279],1,7,22
610,610,108736737_177263406,25881,[-2.79778  0.9      0.15279],1,7,23
611,611,108736737_177263406,25881,[-2.79778  0.9      0.15279],1,7,24
612,612,108736737_177263406,25881,[-2.79778  0.9      0.15279],1,7,25
613,613,108736737_177263406,25881,[-2.79778  0.9      0.15279],1,7,26
614,614,108736737_177263406,25881,[-2.79778  0.9      0.15279],1,7,27
615,615,108736737_177263406,25881,[-2.79778  0.9      0.15279],1,7,28
616,616,108736737_177263406,25881,[-2.79778  0.9      0.15279],1,7,29
617,617,108736737_177263406,25881,[-2.79778  0.9      0.15279],1,7,30
618,618,108736737_177263406,25881,[-2.79778  0.9      0.15279],1,7,31
619,619,108736737_177263406,25881,[-2.79778  0.9      0.15279],1,7,32
620,620,108736737_177263406,25881,[-2.79778  0.9      0.15279],1,7,33
621,621,108736737_177263406,25881,[-2.79778  0.9      0.15279],1,7,34
622,622,108736737_177263406,25881,[-2.79778  0.9      0.15279],1,7,35
623,623,108736737_177263406,25881,[-2.79778  0.9      0.15279],1,7,36
624,624,108736737_177263406,25881,[-2.79778  0.9      1.39926],1,8,0
625,625,108736737_177263406,25881,[-2.79778  0.9      1.39926],1,8,1
626,626,108736737_177263406,25881,[-2.79778  0.9      1.39926],1,8,2
627,627,108736737_177263406,25881,[-2.79778  0.9      1.39926],1,8,3
628,628,108736737_177263406,25881,[-2.79778  0.9      1.39926],1,8,4
629,629,108736737_177263406,25881,[-2.79778  0.9      1.39926],1,8,5
630,630,108736737_177263406,25881,[-2.79778  0.9      1.39926],1,8,6
631,631,108736737_177263406,25881,[-2.79778  0.9      1.39926],1,8,7
632,632,108736737_177263406,25881,[-2.79778  0.9      1.39926],1,8,8
633,633,108736737_177263406,25881,[-2.79778  0.9      1.39926],1,8,9
634,634,108736737_177263406,25881,[-2.79778  0.9      1.39926],1,8,10
635,635,108736737_177263406,25881,[-2.79778  0.9      1.39926],1,8,11
636,636,108736737_177263406,25881,[-2.79778  0.9      1.39926],1,8,12
637,637,108736737_177263406,25881,[-2.79778  0.9      1.39926],1,8,13
638,638,108736737_177263406,25881,[-2.79778  0.9      1.39926],1,8,14
639,639,108736737_177263406,25881,[-2.79778  0.9      1.39926],1,8,15
640,640,108736737_177263406,25881,[-2.79778  0.9      1.39926],1,8,16
641,641,108736737_177263406,25881,[-2.79778  0.9      1.39926],1,8,17
642,642,108736737_177263406,25881,[-2.79778  0.9      1.39926],1,8,18
643,643,108736737_177263406,25881,[-2.79778  0.9      1.39926],1,8,19
644,644,108736737_177263406,25881,[-2.79778  0.9      1.39926],1,8,20
645,645,108736737_177263406,25881,[-2.79778  0.9      1.39926],1,8,21
646,646,108736737_177263406,25881,[-2.79778  0.9      1.39926],1,8,22
647,647,108736737_177263406,25881,[-2.79778  0.9      1.39926],1,8,23
648,648,108736737_177263406,25881,[-2.79778  0.9      1.39926],1,8,24
649,649,108736737_177263406,25881,[-2.79778  0.9      1.39926],1,8,25
650,650,108736737_177263406,25881,[-2.79778  0.9      1.39926],1,8,26
651,651,108736737_177263406,25881,[-2.79778  0.9      1.39926],1,8,27
652,652,108736737_177263406,25881,[-2.79778  0.9      1.39926],1,8,28
653,653,108736737_177263406,25881,[-2.79778  0.9      1.39926],1,8,29
654,654,108736737_177263406,25881,[-2.79778  0.9      1.39926],1,8,30
655,655,108736737_177263406,25881,[-2.79778  0.9      1.39926],1,8,31
656,656,108736737_177263406,25881,[1.07691 0.73223 1.75067],1,9,0
657,657,108736737_177263406,25881,[1.07691 0.73223 1.75067],1,9,1
658,658,108736737_177263406,25881,[1.07691 0.73223 1.75067],1,9,2
659,659,108736737_177263406,25881,[1.07691 0.73223 1.75067],1,9,3
660,660,108736737_177263406,25881,[1.07691 0.73223 1.75067],1,9,4
661,661,108736737_177263406,25881,[1.07691 0.73223 1.75067],1,9,5
662,662,108736737_177263406,25881,[1.07691 0.73223 1.75067],1,9,6
663,663,108736737_177263406,25881,[1.07691 0.73223 1.75067],1,9,7
664,664,108736737_177263406,25881,[1.07691 0.73223 1.75067],1,9,8
665,665,108736737_177263406,25881,[1.07691 0.73223 1.75067],1,9,9
666,666,108736737_177263406,25881,[1.07691 0.73223 1.75067],1,9,10
667,667,108736737_177263406,25881,[1.07691 0.73223 1.75067],1,9,11
668,668,108736737_177263406,25881,[1.07691 0.73223 1.75067],1,9,12
669,669,108736737_177263406,25881,[1.07691 0.73223 1.75067],1,9,13
670,670,108736737_177263406,25881,[1.07691 0.73223 1.75067],1,9,14
671,671,108736737_177263406,25881,[1.07691 0.73223 1.75067],1,9,15
672,672,108736737_177263406,25881,[1.07691 0.73223 1.75067],1,9,16
673,673,108736737_177263406,25881,[1.07691 0.73223 1.75067],1,9,17
674,674,108736737_177263406,25881,[1.07691 0.73223 1.75067],1,9,18
675,675,108736737_177263406,25881,[1.07691 0.73223 1.75067],1,9,19
676,676,108736737_177263406,25881,[1.07691 0.73223 1.75067],1,9,20
677,677,108736737_177263406,25881,[1.07691 0.73223 1.75067],1,9,21
678,678,108736737_177263406,25881,[1.07691 0.73223 1.75067],1,9,22
679,679,108736737_177263406,25881,[1.07691 0.73223 1.75067],1,9,23
680,680,108736737_177263406,25881,[1.07691 0.73223 1.75067],1,9,24
681,681,108736737_177263406,25881,[1.07691 0.73223 1.75067],1,9,25
682,682,108736737_177263406,25881,[1.07691 0.73223 1.75067],1,9,26
683,683,108736737_177263406,25881,[1.07691 0.73223 1.75067],1,9,27
684,684,108736737_177263406,25881,[1.07691 0.73223 1.75067],1,9,28
685,685,108736737_177263406,25881,[1.07691 0.73223 1.75067],1,9,29
686,686,108736737_177263406,25881,[1.07691 0.73223 1.75067],1,9,30
687,687,108736737_177263406,25881,[1.07691 0.73223 1.75067],1,9,31
688,688,108736737_177263406,25881,[1.07691 0.73223 1.75067],1,9,32
689,689,108736737_177263406,25881,[1.07691 0.73223 1.75067],1,9,33
690,690,108736737_177263406,25881,[1.07691 0.73223 1.75067],1,9,34
691,691,108736737_177263406,25881,[1.07691 0.73223 1.75067],1,9,35
692,692,108736737_177263406,25881,[1.07691 0.73223 1.75067],1,9,36
693,693,108736737_177263406,25881,[1.07691 0.73223 1.75067],1,9,37
694,694,108736737_177263406,25881,[1.07691 0.73223 1.75067],1,9,38
695,695,108736737_177263406,25881,[1.07691 0.73223 1.75067],1,9,39
696,696,108736737_177263406,25881,[1.07691 0.73223 1.75067],1,9,40
697,697,108736737_177263406,25881,[1.07691 0.73223 1.75067],1,9,41
698,698,108736737_177263406,25881,[1.07691 0.73223 1.75067],1,9,42
699,699,108736737_177263406,25881,[1.07691 0.73223 1.75067],1,9,43
700,700,108736737_177263406,25881,[1.07691 0.73223 1.75067],1,9,44
701,701,108736737_177263406,25881,[1.07691 0.73223 1.75067],1,9,45
702,702,108736737_177263406,25881,[1.08488 0.90172 1.79874],1,10,0
703,703,108736737_177263406,25881,[1.08488 0.90172 1.79874],1,10,1
704,704,108736737_177263406,25881,[1.08488 0.90172 1.79874],1,10,2
705,705,108736737_177263406,25881,[1.08488 0.90172 1.79874],1,10,3
706,706,108736737_177263406,25881,[1.08488 0.90172 1.79874],1,10,4
707,707,108736737_177263406,25881,[1.08488 0.90172 1.79874],1,10,5
708,708,108736737_177263406,25881,[1.08488 0.90172 1.79874],1,10,6
709,709,108736737_177263406,25881,[1.08488 0.90172 1.79874],1,10,7
710,710,108736737_177263406,25881,[1.08488 0.90172 1.79874],1,10,8
711,711,108736737_177263406,25881,[1.08488 0.90172 1.79874],1,10,9
712,712,108736737_177263406,25881,[1.08488 0.90172 1.79874],1,10,10
713,713,108736737_177263406,25881,[1.08488 0.90172 1.79874],1,10,11
714,714,108736737_177263406,25881,[1.08488 0.90172 1.79874],1,10,12
715,715,108736737_177263406,25881,[1.08488 0.90172 1.79874],1,10,13
716,716,108736737_177263406,25881,[1.08488 0.90172 1.79874],1,10,14
717,717,108736737_177263406,25881,[1.08488 0.90172 1.79874],1,10,15
718,718,108736737_177263406,25881,[1.08488 0.90172 1.79874],1,10,16
719,719,108736737_177263406,25881,[1.08488 0.90172 1.79874],1,10,17
720,720,108736737_177263406,25881,[1.08488 0.90172 1.79874],1,10,18
721,721,108736737_177263406,25881,[1.08488 0.90172 1.79874],1,10,19
722,722,108736737_177263406,25881,[1.08488 0.90172 1.79874],1,10,20
723,723,108736737_177263406,25881,[1.08488 0.90172 1.79874],1,10,21
724,724,108736737_177263406,25881,[1.08488 0.90172 1.79874],1,10,22
725,725,108736737_177263406,25881,[1.08488 0.90172 1.79874],1,10,23
726,726,108736737_177263406,25881,[1.08488 0.90172 1.79874],1,10,24
727,727,108736737_177263406,25881,[1.08488 0.90172 1.79874],1,10,25
728,728,108736737_177263406,25881,[1.08488 0.90172 1.79874],1,10,26
729,729,108736737_177263406,25881,[1.08488 0.90172 1.79874],1,10,27
730,730,108736737_177263406,25881,[1.08488 0.90172 1.79874],1,10,28
731,731,108736737_177263406,25881,[1.08488 0.90172 1.79874],1,10,29
732,732,108736737_177263406,25881,[1.08488 0.90172 1.79874],1,10,30
733,733,108736737_177263406,25881,[1.08488 0.90172 1.79874],1,10,31
734,734,108736737_177263406,25881,[1.08488 0.90172 1.79874],1,10,32
735,735,108736737_177263406,25881,[1.08488 0.90172 1.79874],1,10,33
736,736,108736737_177263406,25881,[1.08488 0.90172 1.79874],1,10,34
737,737,108736737_177263406,25881,[1.08488 0.90172 1.79874],1,10,35
738,738,108736737_177263406,25881,[1.08488 0.90172 1.79874],1,10,36
739,739,108736737_177263406,25881,[1.08488 0.90172 1.79874],1,10,37
740,740,108736737_177263406,25881,[1.08488 0.90172 1.79874],1,10,38
741,741,108736737_177263406,25881,[1.08488 0.90172 1.79874],1,10,39
742,742,108736737_177263406,25881,[1.08488 0.90172 1.79874],1,10,40
743,743,108736737_177263406,25881,[1.08488 0.90172 1.79874],1,10,41
744,744,108736737_177263406,25881,[1.08488 0.90172 1.79874],1,10,42
745,745,108736737_177263406,25881,[1.0806  0.9     1.76362],1,11,0
746,746,108736737_177263406,25881,[1.0806  0.9     1.76362],1,11,1
747,747,108736737_177263406,25881,[1.0806  0.9     1.76362],1,11,2
748,748,108736737_177263406,25881,[1.0806  0.9     1.76362],1,11,3
749,749,108736737_177263406,25881,[1.0806  0.9     1.76362],1,11,4
750,750,108736737_177263406,25881,[1.0806  0.9     1.76362],1,11,5
751,751,108736737_177263406,25881,[1.0806  0.9     1.76362],1,11,6
752,752,108736737_177263406,25881,[1.0806  0.9     1.76362],1,11,7
753,753,108736737_177263406,25881,[1.0806  0.9     1.76362],1,11,8
754,754,108736737_177263406,25881,[1.0806  0.9     1.76362],1,11,9
755,755,108736737_177263406,25881,[1.0806  0.9     1.76362],1,11,10
756,756,108736737_177263406,25881,[1.0806  0.9     1.76362],1,11,11
757,757,108736737_177263406,25881,[1.0806  0.9     1.76362],1,11,12
758,758,108736737_177263406,25881,[1.0806  0.9     1.76362],1,11,13
759,759,108736737_177263406,25881,[1.0806  0.9     1.76362],1,11,14
760,760,108736737_177263406,25881,[1.0806  0.9     1.76362],1,11,15
761,761,108736737_177263406,25881,[1.0806  0.9     1.76362],1,11,16
762,762,108736737_177263406,25881,[1.0806  0.9     1.76362],1,11,17
763,763,108736737_177263406,25881,[1.0806  0.9     1.76362],1,11,18
764,764,108736737_177263406,25881,[1.0806  0.9     1.76362],1,11,19
765,765,108736737_177263406,25881,[1.0806  0.9     1.76362],1,11,20
766,766,108736737_177263406,25881,[1.0806  0.9     1.76362],1,11,21
767,767,108736737_177263406,25881,[1.0806  0.9     1.76362],1,11,22
768,768,108736737_177263406,25881,[1.0806  0.9     1.76362],1,11,23
769,769,108736737_177263406,25881,[1.0806  0.9     1.76362],1,11,24
770,770,108736737_177263406,25881,[1.0806  0.9     1.76362],1,11,25
771,771,108736737_177263406,25881,[1.0806  0.9     1.76362],1,11,26
772,772,108736737_177263406,25881,[1.0806  0.9     1.76362],1,11,27
773,773,108736737_177263406,25881,[1.0806  0.9     1.76362],1,11,28
774,774,108736737_177263406,25881,[1.0806  0.9     1.76362],1,11,29
775,775,108736737_177263406,25881,[1.0806  0.9     1.76362],1,11,30
776,776,108736737_177263406,25881,[1.0806  0.9     1.76362],1,11,31
777,777,108736737_177263406,25881,[1.0806  0.9     1.76362],1,11,32
778,778,108736737_177263406,25881,[1.0806  0.9     1.76362],1,11,33
779,779,108736737_177263406,25881,[1.0806  0.9     1.76362],1,11,34
780,780,108736737_177263406,25881,[1.0806  0.9     1.76362],1,11,35
781,781,108736737_177263406,25881,[1.0806  0.9     1.76362],1,11,36
782,782,108736737_177263406,25881,[1.0806  0.9     1.76362],1,11,37
783,783,108736737_177263406,25881,[1.0806  0.9     1.76362],1,11,38
784,784,108736737_177263406,25881,[1.0806  0.9     1.76362],1,11,39
785,785,108736737_177263406,25881,[1.0806  0.9     1.76362],1,11,40
786,786,108736737_177263406,25881,[1.0806  0.9     1.76362],1,11,41
787,787,108736737_177263406,25881,[-2.78508  0.73223  0.79532],1,12,0
788,788,108736737_177263406,25881,[-2.78508  0.73223  0.79532],1,12,1
789,789,108736737_177263406,25881,[-2.78508  0.73223  0.79532],1,12,2
790,790,108736737_177263406,25881,[-2.78508  0.73223  0.79532],1,12,3
791,791,108736737_177263406,25881,[-2.78508  0.73223  0.79532],1,12,4
792,792,108736737_177263406,25881,[-2.78508  0.73223  0.79532],1,12,5
793,793,108736737_177263406,25881,[-2.78508  0.73223  0.79532],1,12,6
794,794,108736737_177263406,25881,[-2.78508  0.73223  0.79532],1,12,7
795,795,108736737_177263406,25881,[-2.78508  0.73223  0.79532],1,12,8
796,796,108736737_177263406,25881,[-2.78508  0.73223  0.79532],1,12,9
797,797,108736737_177263406,25881,[-2.78508  0.73223  0.79532],1,12,10
798,798,108736737_177263406,25881,[-2.78508  0.73223  0.79532],1,12,11
799,799,108736737_177263406,25881,[-2.78508  0.73223  0.79532],1,12,12
800,800,108736737_177263406,25881,[-2.78508  0.73223  0.79532],1,12,13
801,801,108736737_177263406,25881,[-2.78508  0.73223  0.79532],1,12,14
802,802,108736737_177263406,25881,[-2.78508  0.73223  0.79532],1,12,15
803,803,108736737_177263406,25881,[-2.78508  0.73223  0.79532],1,12,16
804,804,108736737_177263406,25881,[-2.78508  0.73223  0.79532],1,12,17
805,805,108736737_177263406,25881,[-2.78508  0.73223  0.79532],1,12,18
806,806,108736737_177263406,25881,[-2.78508  0.73223  0.79532],1,12,19
807,807,108736737_177263406,25881,[-2.78508  0.73223  0.79532],1,12,20
808,808,108736737_177263406,25881,[-2.78508  0.73223  0.79532],1,12,21
809,809,108736737_177263406,25881,[-2.78508  0.73223  0.79532],1,12,22
810,810,108736737_177263406,25881,[-2.78508  0.73223  0.79532],1,12,23
811,811,108736737_177263406,25881,[-2.78508  0.73223  0.79532],1,12,24
812,812,108736737_177263406,25881,[-2.78508  0.73223  0.79532],1,12,25
813,813,108736737_177263406,25881,[-2.78508  0.73223  0.79532],1,12,26
814,814,108736737_177263406,25881,[-2.78508  0.73223  0.79532],1,12,27
815,815,108736737_177263406,25881,[-2.78508  0.73223  0.79532],1,12,28
816,816,108736737_177263406,25881,[-2.78508  0.73223  0.79532],1,12,29
817,817,108736737_177263406,25881,[-2.78508  0.73223  0.79532],1,12,30
818,818,108736737_177263406,25881,[-2.78508  0.73223  0.79532],1,12,31
819,819,108736737_177263406,25881,[-2.83315  0.90172  0.8033 ],1,13,0
820,820,108736737_177263406,25881,[-2.83315  0.90172  0.8033 ],1,13,1
821,821,108736737_177263406,25881,[-2.83315  0.90172  0.8033 ],1,13,2
822,822,108736737_177263406,25881,[-2.83315  0.90172  0.8033 ],1,13,3
823,823,108736737_177263406,25881,[-2.83315  0.90172  0.8033 ],1,13,4
824,824,108736737_177263406,25881,[-2.83315  0.90172  0.8033 ],1,13,5
825,825,108736737_177263406,25881,[-2.83315  0.90172  0.8033 ],1,13,6
826,826,108736737_177263406,25881,[-2.83315  0.90172  0.8033 ],1,13,7
827,827,108736737_177263406,25881,[-2.83315  0.90172  0.8033 ],1,13,8
828,828,108736737_177263406,25881,[-2.83315  0.90172  0.8033 ],1,13,9
829,829,108736737_177263406,25881,[-2.83315  0.90172  0.8033 ],1,13,10
830,830,108736737_177263406,25881,[-2.83315  0.90172  0.8033 ],1,13,11
831,831,108736737_177263406,25881,[-2.83315  0.90172  0.8033 ],1,13,12
832,832,108736737_177263406,25881,[-2.83315  0.90172  0.8033 ],1,13,13
833,833,108736737_177263406,25881,[-2.83315  0.90172  0.8033 ],1,13,14
834,834,108736737_177263406,25881,[-2.83315  0.90172  0.8033 ],1,13,15
835,835,108736737_177263406,25881,[-2.83315  0.90172  0.8033 ],1,13,16
836,836,108736737_177263406,25881,[-2.83315  0.90172  0.8033 ],1,13,17
837,837,108736737_177263406,25881,[-2.83315  0.90172  0.8033 ],1,13,18
838,838,108736737_177263406,25881,[-2.83315  0.90172  0.8033 ],1,13,19
839,839,108736737_177263406,25881,[-2.83315  0.90172  0.8033 ],1,13,20
840,840,108736737_177263406,25881,[-2.83315  0.90172  0.8033 ],1,13,21
841,841,108736737_177263406,25881,[-2.83315  0.90172  0.8033 ],1,13,22
842,842,108736737_177263406,25881,[-2.83315  0.90172  0.8033 ],1,13,23
843,843,108736737_177263406,25881,[-2.83315  0.90172  0.8033 ],1,13,24
844,844,108736737_177263406,25881,[-2.83315  0.90172  0.8033 ],1,13,25
845,845,108736737_177263406,25881,[-2.83315  0.90172  0.8033 ],1,13,26
846,846,108736737_177263406,25881,[-2.83315  0.90172  0.8033 ],1,13,27
847,847,108736737_177263406,25881,[-2.83315  0.90172  0.8033 ],1,13,28
848,848,108736737_177263406,25881,[-2.83315  0.90172  0.8033 ],1,13,29
849,849,108736737_177263406,25881,[-2.83315  0.90172  0.8033 ],1,13,30
850,850,108736737_177263406,25881,[-2.83315  0.90172  0.8033 ],1,13,31
851,851,108736737_177263406,25881,[-2.83315  0.90172  0.8033 ],1,13,32
852,852,108736737_177263406,25881,[-2.83315  0.90172  0.8033 ],1,13,33
853,853,108736737_177263406,25881,[-2.83315  0.90172  0.8033 ],1,13,34
854,854,108736737_177263406,25881,[-2.83315  0.90172  0.8033 ],1,13,35
855,855,108736737_177263406,25881,[-2.83315  0.90172  0.8033 ],1,13,36
856,856,108736737_177263406,25881,[-2.83315  0.90172  0.8033 ],1,13,37
857,857,108736737_177263406,25881,[-2.83315  0.90172  0.8033 ],1,13,38
858,858,108736737_177263406,25881,[-2.83315  0.90172  0.8033 ],1,13,39
859,859,108736737_177263406,25881,[-2.83315  0.90172  0.8033 ],1,13,40
860,860,108736737_177263406,25881,[-2.83315  0.90172  0.8033 ],1,13,41
861,861,108736737_177263406,25881,[-2.83315  0.90172  0.8033 ],1,13,42
862,862,108736737_177263406,25881,[-2.79803  0.9      0.79901],1,14,0
863,863,108736737_177263406,25881,[-2.79803  0.9      0.79901],1,14,1
864,864,108736737_177263406,25881,[-2.79803  0.9      0.79901],1,14,2
865,865,108736737_177263406,25881,[-2.79803  0.9      0.79901],1,14,3
866,866,108736737_177263406,25881,[-2.79803  0.9      0.79901],1,14,4
867,867,108736737_177263406,25881,[-2.79803  0.9      0.79901],1,14,5
868,868,108736737_177263406,25881,[-2.79803  0.9      0.79901],1,14,6
869,869,108736737_177263406,25881,[-2.79803  0.9      0.79901],1,14,7
870,870,108736737_177263406,25881,[-2.79803  0.9      0.79901],1,14,8
871,871,108736737_177263406,25881,[-2.79803  0.9      0.79901],1,14,9
872,872,108736737_177263406,25881,[-2.79803  0.9      0.79901],1,14,10
873,873,108736737_177263406,25881,[-2.79803  0.9      0.79901],1,14,11
874,874,108736737_177263406,25881,[-2.79803  0.9      0.79901],1,14,12
875,875,108736737_177263406,25881,[-2.79803  0.9      0.79901],1,14,13
876,876,108736737_177263406,25881,[-2.79803  0.9      0.79901],1,14,14
877,877,108736737_177263406,25881,[-2.79803  0.9      0.79901],1,14,15
878,878,108736737_177263406,25881,[-2.79803  0.9      0.79901],1,14,16
879,879,108736737_177263406,25881,[-2.79803  0.9      0.79901],1,14,17
880,880,108736737_177263406,25881,[-2.79803  0.9      0.79901],1,14,18
881,881,108736737_177263406,25881,[-2.79803  0.9      0.79901],1,14,19
882,882,108736737_177263406,25881,[-2.79803  0.9      0.79901],1,14,20
883,883,108736737_177263406,25881,[-2.79803  0.9      0.79901],1,14,21
884,884,108736737_177263406,25881,[-2.79803  0.9      0.79901],1,14,22
885,885,108736737_177263406,25881,[-2.79803  0.9      0.79901],1,14,23
886,886,108736737_177263406,25881,[-2.79803  0.9      0.79901],1,14,24
887,887,108736737_177263406,25881,[-2.79803  0.9      0.79901],1,14,25
888,888,108736737_177263406,25881,[-2.79803  0.9      0.79901],1,14,26
889,889,108736737_177263406,25881,[-2.79803  0.9      0.79901],1,14,27
890,890,108736737_177263406,25881,[-2.79803  0.9      0.79901],1,14,28
891,891,108736737_177263406,25881,[-2.79803  0.9      0.79901],1,14,29
892,892,108736737_177263406,25881,[-2.79803  0.9      0.79901],1,14,30
893,893,108736737_177263406,25881,[-2.79803  0.9      0.79901],1,14,31
894,894,108736737_177263406,25881,[-2.79803  0.9      0.79901],1,14,32
895,895,108736737_177263406,25881,[-2.79803  0.9      0.79901],1,14,33
896,896,108736737_177263406,25881,[-2.79803  0.9      0.79901],1,14,34
897,897,108736737_177263406,25881,[-2.79803  0.9      0.79901],1,14,35
898,898,108736737_177263406,25881,[-2.79803  0.9      0.79901],1,14,36
899,899,108736737_177263406,25881,[-2.79803  0.9      0.79901],1,14,37
900,900,108736737_177263406,25881,[-2.79803  0.9      0.79901],1,14,38
901,901,108736737_177263406,25881,[-2.79803  0.9      0.79901],1,14,39
902,902,108736737_177263406,25881,[-2.79803  0.9      0.79901],1,14,40
903,903,108736737_177263406,25881,[-2.79803  0.9      0.79901],1,14,41
904,904,108736737_177263406,25881,[-2.79803  0.9      0.79901],1,14,42
905,905,108736737_177263406,25881,[-2.79803  0.9      0.79901],1,14,43
906,906,108736737_177263406,25881,[ 2.5784   0.8101  -8.34012],1,15,0
907,907,108736737_177263406,25881,[ 2.5784   0.8101  -8.34012],1,15,1
908,908,108736737_177263406,25881,[ 2.5784   0.8101  -8.34012],1,15,2
909,909,108736737_177263406,25881,[ 2.5784   0.8101  -8.34012],1,15,3
910,910,108736737_177263406,25881,[ 2.5784   0.8101  -8.34012],1,15,4
911,911,108736737_177263406,25881,[ 2.5784   0.8101  -8.34012],1,15,5
912,912,108736737_177263406,25881,[ 2.5784   0.8101  -8.34012],1,15,6
913,913,108736737_177263406,25881,[ 2.5784   0.8101  -8.34012],1,15,7
914,914,108736737_177263406,25881,[ 2.5784   0.8101  -8.34012],1,15,8
915,915,108736737_177263406,25881,[ 2.5784   0.8101  -8.34012],1,15,9
916,916,108736737_177263406,25881,[ 2.5784   0.8101  -8.34012],1,15,10
917,917,108736737_177263406,25881,[ 2.5784   0.8101  -8.34012],1,15,11
918,918,108736737_177263406,25881,[ 2.5784   0.8101  -8.34012],1,15,12
919,919,108736737_177263406,25881,[ 2.5784   0.8101  -8.34012],1,15,13
920,920,108736737_177263406,25881,[ 2.5784   0.8101  -8.34012],1,15,14
921,921,108736737_177263406,25881,[ 2.5784   0.8101  -8.34012],1,15,15
922,922,108736737_177263406,25881,[ 2.5784   0.8101  -8.34012],1,15,16
923,923,108736737_177263406,25881,[ 2.5784   0.8101  -8.34012],1,15,17
924,924,108736737_177263406,25881,[ 2.5784   0.8101  -8.34012],1,15,18
925,925,108736737_177263406,25881,[ 2.5784   0.8101  -8.34012],1,15,19
926,926,108736737_177263406,25881,[ 2.5784   0.8101  -8.34012],1,15,20
927,927,108736737_177263406,25881,[ 2.5784   0.8101  -8.34012],1,15,21
928,928,108736737_177263406,25881,[ 2.5784   0.8101  -8.34012],1,15,22
929,929,108736737_177263406,25881,[ 2.5784   0.8101  -8.34012],1,15,23
930,930,108736737_177263406,25881,[ 2.5784   0.8101  -8.34012],1,15,24
931,931,108736737_177263406,25881,[ 3.11305  0.08308 -8.33983],1,16,0
932,932,108736737_177263406,25881,[ 3.11305  0.08308 -8.33983],1,16,1
933,933,108736737_177263406,25881,[ 3.11305  0.08308 -8.33983],1,16,2
934,934,108736737_177263406,25881,[ 3.11305  0.08308 -8.33983],1,16,3
935,935,108736737_177263406,25881,[ 3.11305  0.08308 -8.33983],1,16,4
936,936,108736737_177263406,25881,[ 3.11305  0.08308 -8.33983],1,16,5
937,937,108736737_177263406,25881,[ 3.11305  0.08308 -8.33983],1,16,6
938,938,108736737_177263406,25881,[ 3.11305  0.08308 -8.33983],1,16,7
939,939,108736737_177263406,25881,[ 3.11305  0.08308 -8.33983],1,16,8
940,940,108736737_177263406,25881,[ 3.11305  0.08308 -8.33983],1,16,9
941,941,108736737_177263406,25881,[ 3.11305  0.08308 -8.33983],1,16,10
942,942,108736737_177263406,25881,[ 3.11305  0.08308 -8.33983],1,16,11
943,943,108736737_177263406,25881,[ 3.11305  0.08308 -8.33983],1,16,12
944,944,108736737_177263406,25881,[ 3.11305  0.08308 -8.33983],1,16,13
945,945,108736737_177263406,25881,[ 3.11305  0.08308 -8.33983],1,16,14
946,946,108736737_177263406,25881,[ 3.11305  0.08308 -8.33983],1,16,15
947,947,108736737_177263406,25881,[ 3.11305  0.08308 -8.33983],1,16,16
948,948,108736737_177263406,25881,[ 3.11305  0.08308 -8.33983],1,16,17
949,949,108736737_177263406,25881,[ 3.11305  0.08308 -8.33983],1,16,18
950,950,108736737_177263406,25881,[ 3.11305  0.08308 -8.33983],1,16,19
951,951,108736737_177263406,25881,[ 2.04564  0.08308 -8.33983],1,17,0
952,952,108736737_177263406,25881,[ 2.04564  0.08308 -8.33983],1,17,1
953,953,108736737_177263406,25881,[ 2.04564  0.08308 -8.33983],1,17,2
954,954,108736737_177263406,25881,[ 2.04564  0.08308 -8.33983],1,17,3
955,955,108736737_177263406,25881,[ 2.04564  0.08308 -8.33983],1,17,4
956,956,108736737_177263406,25881,[ 2.04564  0.08308 -8.33983],1,17,5
957,957,108736737_177263406,25881,[ 2.04564  0.08308 -8.33983],1,17,6
958,958,108736737_177263406,25881,[ 2.04564  0.08308 -8.33983],1,17,7
959,959,108736737_177263406,25881,[ 2.04564  0.08308 -8.33983],1,17,8
960,960,108736737_177263406,25881,[ 2.04564  0.08308 -8.33983],1,17,9
961,961,108736737_177263406,25881,[ 2.04564  0.08308 -8.33983],1,17,10
962,962,108736737_177263406,25881,[ 2.04564  0.08308 -8.33983],1,17,11
963,963,108736737_177263406,25881,[ 2.04564  0.08308 -8.33983],1,17,12
964,964,108736737_177263406,25881,[ 2.04564  0.08308 -8.33983],1,17,13
965,965,108736737_177263406,25881,[ 2.04564  0.08308 -8.33983],1,17,14
966,966,108736737_177263406,25881,[ 2.04564  0.08308 -8.33983],1,17,15
967,967,108736737_177263406,25881,[ 2.04564  0.08308 -8.33983],1,17,16
968,968,108736737_177263406,25881,[ 2.04564  0.08308 -8.33983],1,17,17
969,969,108736737_177263406,25881,[ 2.04564  0.08308 -8.33983],1,17,18
970,970,108736737_177263406,25881,[ 2.04564  0.08308 -8.33983],1,17,19
971,971,108736737_177263406,25881,[ 2.04564  0.08308 -8.33983],1,17,20
972,972,108736737_177263406,25881,[ 2.04564  0.08308 -8.33983],1,17,21
973,973,108736737_177263406,25881,[ 2.04564  0.08308 -8.33983],1,17,22
974,974,108736737_177263406,25881,[ 2.04564  0.08308 -8.33983],1,17,23
975,975,108736737_177263406,25881,[ 2.04564  0.08308 -8.33983],1,17,24
976,976,108736737_177263406,25881,[ 2.04564  0.08308 -8.33983],1,17,25
977,977,108736737_177263406,25881,[ 3.7521   0.8101  -8.34012],1,18,0
978,978,108736737_177263406,25881,[ 3.7521   0.8101  -8.34012],1,18,1
979,979,108736737_177263406,25881,[ 3.7521   0.8101  -8.34012],1,18,2
980,980,108736737_177263406,25881,[ 3.7521   0.8101  -8.34012],1,18,3
981,981,108736737_177263406,25881,[ 3.7521   0.8101  -8.34012],1,18,4
982,982,108736737_177263406,25881,[ 3.7521   0.8101  -8.34012],1,18,5
983,983,108736737_177263406,25881,[ 3.7521   0.8101  -8.34012],1,18,6
984,984,108736737_177263406,25881,[ 3.7521   0.8101  -8.34012],1,18,7
985,985,108736737_177263406,25881,[ 3.7521   0.8101  -8.34012],1,18,8
986,986,108736737_177263406,25881,[ 3.7521   0.8101  -8.34012],1,18,9
987,987,108736737_177263406,25881,[ 3.7521   0.8101  -8.34012],1,18,10
988,988,108736737_177263406,25881,[ 3.7521   0.8101  -8.34012],1,18,11
989,989,108736737_177263406,25881,[ 3.7521   0.8101  -8.34012],1,18,12
990,990,108736737_177263406,25881,[ 3.7521   0.8101  -8.34012],1,18,13
991,991,108736737_177263406,25881,[ 3.7521   0.8101  -8.34012],1,18,14
992,992,108736737_177263406,25881,[ 3.7521   0.8101  -8.34012],1,18,15
993,993,108736737_177263406,25881,[ 3.7521   0.8101  -8.34012],1,18,16
994,994,108736737_177263406,25881,[ 3.7521   0.8101  -8.34012],1,18,17
995,995,108736737_177263406,25881,[ 3.7521   0.8101  -8.34012],1,18,18
996,996,108736737_177263406,25881,[ 3.7521   0.8101  -8.34012],1,18,19
997,997,108736737_177263406,25881,[ 3.7521   0.8101  -8.34012],1,18,20
998,998,108736737_177263406,25881,[ 3.7521   0.8101  -8.34012],1,18,21
999,999,108736737_177263406,25881,[ 4.28675  0.08308 -8.33983],1,19,0
1000,1000,108736737_177263406,25881,[ 4.28675  0.08308 -8.33983],1,19,1
1001,1001,108736737_177263406,25881,[ 4.28675  0.08308 -8.33983],1,19,2
1002,1002,108736737_177263406,25881,[ 4.28675  0.08308 -8.33983],1,19,3
1003,1003,108736737_177263406,25881,[ 4.28675  0.08308 -8.33983],1,19,4
1004,1004,108736737_177263406,25881,[ 4.28675  0.08308 -8.33983],1,19,5
1005,1005,108736737_177263406,25881,[ 4.28675  0.08308 -8.33983],1,19,6
1006,1006,108736737_177263406,25881,[ 4.28675  0.08308 -8.33983],1,19,7
1007,1007,108736737_177263406,25881,[ 4.28675  0.08308 -8.33983],1,19,8
1008,1008,108736737_177263406,25881,[ 4.28675  0.08308 -8.33983],1,19,9
1009,1009,108736737_177263406,25881,[ 4.28675  0.08308 -8.33983],1,19,10
1010,1010,108736737_177263406,25881,[ 4.28675  0.08308 -8.33983],1,19,11
1011,1011,108736737_177263406,25881,[ 4.28675  0.08308 -8.33983],1,19,12
1012,1012,108736737_177263406,25881,[ 4.28675  0.08308 -8.33983],1,19,13
1013,1013,108736737_177263406,25881,[ 4.28675  0.08308 -8.33983],1,19,14
1014,1014,108736737_177263406,25881,[ 4.28675  0.08308 -8.33983],1,19,15
1015,1015,108736737_177263406,25881,[ 4.28675  0.08308 -8.33983],1,19,16
1016,1016,108736737_177263406,25881,[ 4.28675  0.08308 -8.33983],1,19,17
1017,1017,108736737_177263406,25881,[ 4.28675  0.08308 -8.33983],1,19,18
1018,1018,108736737_177263406,25881,[ 4.28675  0.08308 -8.33983],1,19,19
1019,1019,108736737_177263406,25881,[ 3.21935  0.08308 -8.33983],1,20,0
1020,1020,108736737_177263406,25881,[ 3.21935  0.08308 -8.33983],1,20,1
1021,1021,108736737_177263406,25881,[ 3.21935  0.08308 -8.33983],1,20,2
1022,1022,108736737_177263406,25881,[ 3.21935  0.08308 -8.33983],1,20,3
1023,1023,108736737_177263406,25881,[ 3.21935  0.08308 -8.33983],1,20,4
1024,1024,108736737_177263406,25881,[ 3.21935  0.08308 -8.33983],1,20,5
1025,1025,108736737_177263406,25881,[ 3.21935  0.08308 -8.33983],1,20,6
1026,1026,108736737_177263406,25881,[ 3.21935  0.08308 -8.33983],1,20,7
1027,1027,108736737_177263406,25881,[ 3.21935  0.08308 -8.33983],1,20,8
1028,1028,108736737_177263406,25881,[ 3.21935  0.08308 -8.33983],1,20,9
1029,1029,108736737_177263406,25881,[ 3.21935  0.08308 -8.33983],1,20,10
1030,1030,108736737_177263406,25881,[ 3.21935  0.08308 -8.33983],1,20,11
1031,1031,108736737_177263406,25881,[ 3.21935  0.08308 -8.33983],1,20,12
1032,1032,108736737_177263406,25881,[ 3.21935  0.08308 -8.33983],1,20,13
1033,1033,108736737_177263406,25881,[ 3.21935  0.08308 -8.33983],1,20,14
1034,1034,108736737_177263406,25881,[ 3.21935  0.08308 -8.33983],1,20,15
1035,1035,108736737_177263406,25881,[ 3.21935  0.08308 -8.33983],1,20,16
1036,1036,108736737_177263406,25881,[ 3.21935  0.08308 -8.33983],1,20,17
1037,1037,108736737_177263406,25881,[ 3.21935  0.08308 -8.33983],1,20,18
1038,1038,108736737_177263406,25881,[ 3.21935  0.08308 -8.33983],1,20,19
